-- phpMyAdmin SQL Dump
-- version 4.2.11
-- http://www.phpmyadmin.net
--
-- Host: 127.0.0.1
-- Generation Time: Mar 17, 2015 at 05:27 AM
-- Server version: 5.6.21
-- PHP Version: 5.6.3

SET SQL_MODE = "NO_AUTO_VALUE_ON_ZERO";
SET time_zone = "+00:00";


/*!40101 SET @OLD_CHARACTER_SET_CLIENT=@@CHARACTER_SET_CLIENT */;
/*!40101 SET @OLD_CHARACTER_SET_RESULTS=@@CHARACTER_SET_RESULTS */;
/*!40101 SET @OLD_COLLATION_CONNECTION=@@COLLATION_CONNECTION */;
/*!40101 SET NAMES utf8 */;

--
-- Database: `math`
--

-- --------------------------------------------------------

--
-- Table structure for table `acos`
--

CREATE TABLE IF NOT EXISTS `acos` (
`id` int(10) NOT NULL,
  `parent_id` int(10) DEFAULT NULL,
  `model` varchar(255) COLLATE utf8_unicode_ci DEFAULT NULL,
  `foreign_key` int(10) DEFAULT NULL,
  `alias` varchar(255) COLLATE utf8_unicode_ci DEFAULT NULL,
  `lft` int(10) DEFAULT NULL,
  `rght` int(10) DEFAULT NULL
) ENGINE=InnoDB AUTO_INCREMENT=15 DEFAULT CHARSET=utf8 COLLATE=utf8_unicode_ci;

--
-- Dumping data for table `acos`
--

INSERT INTO `acos` (`id`, `parent_id`, `model`, `foreign_key`, `alias`, `lft`, `rght`) VALUES
(1, NULL, NULL, NULL, 'controllers', 1, 28),
(2, 1, NULL, NULL, 'Groups', 2, 5),
(3, 2, NULL, NULL, 'add', 3, 4),
(4, 1, NULL, NULL, 'Pages', 6, 9),
(5, 4, NULL, NULL, 'display', 7, 8),
(6, 1, NULL, NULL, 'Users', 10, 17),
(7, 6, NULL, NULL, 'login', 11, 12),
(8, 6, NULL, NULL, 'logout', 13, 14),
(9, 6, NULL, NULL, 'add', 15, 16),
(10, 1, NULL, NULL, 'AclExtras', 18, 19),
(11, 1, NULL, NULL, 'DebugKit', 20, 27),
(12, 11, NULL, NULL, 'ToolbarAccess', 21, 26),
(13, 12, NULL, NULL, 'history_state', 22, 23),
(14, 12, NULL, NULL, 'sql_explain', 24, 25);

-- --------------------------------------------------------

--
-- Table structure for table `aros`
--

CREATE TABLE IF NOT EXISTS `aros` (
`id` int(10) NOT NULL,
  `parent_id` int(10) DEFAULT NULL,
  `model` varchar(255) COLLATE utf8_unicode_ci DEFAULT NULL,
  `foreign_key` int(10) DEFAULT NULL,
  `alias` varchar(255) COLLATE utf8_unicode_ci DEFAULT NULL,
  `lft` int(10) DEFAULT NULL,
  `rght` int(10) DEFAULT NULL
) ENGINE=InnoDB AUTO_INCREMENT=7 DEFAULT CHARSET=utf8 COLLATE=utf8_unicode_ci;

--
-- Dumping data for table `aros`
--

INSERT INTO `aros` (`id`, `parent_id`, `model`, `foreign_key`, `alias`, `lft`, `rght`) VALUES
(1, NULL, 'Group', 1, NULL, 1, 4),
(2, NULL, 'Group', 2, NULL, 5, 8),
(3, NULL, 'Group', 3, NULL, 9, 12),
(4, 1, 'User', 1, NULL, 2, 3),
(5, 2, 'User', 2, NULL, 6, 7),
(6, 3, 'User', 3, NULL, 10, 11);

-- --------------------------------------------------------

--
-- Table structure for table `aros_acos`
--

CREATE TABLE IF NOT EXISTS `aros_acos` (
`id` int(10) NOT NULL,
  `aro_id` int(10) NOT NULL,
  `aco_id` int(10) NOT NULL,
  `_create` varchar(2) COLLATE utf8_unicode_ci NOT NULL DEFAULT '0',
  `_read` varchar(2) COLLATE utf8_unicode_ci NOT NULL DEFAULT '0',
  `_update` varchar(2) COLLATE utf8_unicode_ci NOT NULL DEFAULT '0',
  `_delete` varchar(2) COLLATE utf8_unicode_ci NOT NULL DEFAULT '0'
) ENGINE=InnoDB AUTO_INCREMENT=5 DEFAULT CHARSET=utf8 COLLATE=utf8_unicode_ci;

--
-- Dumping data for table `aros_acos`
--

INSERT INTO `aros_acos` (`id`, `aro_id`, `aco_id`, `_create`, `_read`, `_update`, `_delete`) VALUES
(1, 1, 1, '1', '1', '1', '1'),
(2, 2, 1, '-1', '-1', '-1', '-1'),
(3, 3, 1, '-1', '-1', '-1', '-1'),
(4, 3, 8, '1', '1', '1', '1');

-- --------------------------------------------------------

--
-- Table structure for table `groups`
--

CREATE TABLE IF NOT EXISTS `groups` (
`id` int(11) NOT NULL,
  `name` varchar(100) COLLATE utf8_unicode_ci NOT NULL,
  `created` datetime DEFAULT NULL,
  `modified` datetime DEFAULT NULL
) ENGINE=InnoDB AUTO_INCREMENT=4 DEFAULT CHARSET=utf8 COLLATE=utf8_unicode_ci;

--
-- Dumping data for table `groups`
--

INSERT INTO `groups` (`id`, `name`, `created`, `modified`) VALUES
(1, 'administrators', '2015-03-08 14:44:21', '2015-03-08 14:44:21'),
(2, 'managers', '2015-03-08 14:44:26', '2015-03-08 14:44:26'),
(3, 'users', '2015-03-08 14:44:31', '2015-03-08 14:44:31');

-- --------------------------------------------------------

--
-- Table structure for table `posts`
--

CREATE TABLE IF NOT EXISTS `posts` (
`id` int(11) NOT NULL,
  `user_id` int(11) NOT NULL,
  `title` varchar(255) COLLATE utf8_unicode_ci NOT NULL,
  `body` text COLLATE utf8_unicode_ci,
  `created` datetime DEFAULT NULL,
  `modified` datetime DEFAULT NULL
) ENGINE=InnoDB DEFAULT CHARSET=utf8 COLLATE=utf8_unicode_ci;

-- --------------------------------------------------------

--
-- Table structure for table `users`
--

CREATE TABLE IF NOT EXISTS `users` (
`id` int(11) NOT NULL,
  `username` varchar(255) COLLATE utf8_unicode_ci NOT NULL,
  `password` char(40) COLLATE utf8_unicode_ci NOT NULL,
  `group_id` int(11) NOT NULL,
  `created` datetime DEFAULT NULL,
  `modified` datetime DEFAULT NULL
) ENGINE=InnoDB AUTO_INCREMENT=4 DEFAULT CHARSET=utf8 COLLATE=utf8_unicode_ci;

--
-- Dumping data for table `users`
--

INSERT INTO `users` (`id`, `username`, `password`, `group_id`, `created`, `modified`) VALUES
(1, 'admin', '78c06dbba256e8365b362dc708d257ca5afeeb46', 1, '2015-03-08 14:45:24', '2015-03-08 14:45:24'),
(2, 'thuccoi', '90f48d49c01583706176e29607adb2b4ab5e4928', 2, '2015-03-08 14:45:34', '2015-03-08 14:45:34'),
(3, 'davidcuong', '2b1072363ef3dc1e0fd2b04151611ffbd371124e', 3, '2015-03-08 14:45:56', '2015-03-08 14:45:56');

-- --------------------------------------------------------

--
-- Table structure for table `widgets`
--

CREATE TABLE IF NOT EXISTS `widgets` (
`id` int(11) NOT NULL,
  `name` varchar(100) COLLATE utf8_unicode_ci NOT NULL,
  `part_no` varchar(12) COLLATE utf8_unicode_ci DEFAULT NULL,
  `quantity` int(11) DEFAULT NULL
) ENGINE=InnoDB DEFAULT CHARSET=utf8 COLLATE=utf8_unicode_ci;

--
-- Indexes for dumped tables
--

--
-- Indexes for table `acos`
--
ALTER TABLE `acos`
 ADD PRIMARY KEY (`id`);

--
-- Indexes for table `aros`
--
ALTER TABLE `aros`
 ADD PRIMARY KEY (`id`);

--
-- Indexes for table `aros_acos`
--
ALTER TABLE `aros_acos`
 ADD PRIMARY KEY (`id`), ADD UNIQUE KEY `ARO_ACO_KEY` (`aro_id`,`aco_id`);

--
-- Indexes for table `groups`
--
ALTER TABLE `groups`
 ADD PRIMARY KEY (`id`);

--
-- Indexes for table `posts`
--
ALTER TABLE `posts`
 ADD PRIMARY KEY (`id`);

--
-- Indexes for table `users`
--
ALTER TABLE `users`
 ADD PRIMARY KEY (`id`), ADD UNIQUE KEY `username` (`username`);

--
-- Indexes for table `widgets`
--
ALTER TABLE `widgets`
 ADD PRIMARY KEY (`id`);

--
-- AUTO_INCREMENT for dumped tables
--

--
-- AUTO_INCREMENT for table `acos`
--
ALTER TABLE `acos`
MODIFY `id` int(10) NOT NULL AUTO_INCREMENT,AUTO_INCREMENT=15;
--
-- AUTO_INCREMENT for table `aros`
--
ALTER TABLE `aros`
MODIFY `id` int(10) NOT NULL AUTO_INCREMENT,AUTO_INCREMENT=7;
--
-- AUTO_INCREMENT for table `aros_acos`
--
ALTER TABLE `aros_acos`
MODIFY `id` int(10) NOT NULL AUTO_INCREMENT,AUTO_INCREMENT=5;
--
-- AUTO_INCREMENT for table `groups`
--
ALTER TABLE `groups`
MODIFY `id` int(11) NOT NULL AUTO_INCREMENT,AUTO_INCREMENT=4;
--
-- AUTO_INCREMENT for table `posts`
--
ALTER TABLE `posts`
MODIFY `id` int(11) NOT NULL AUTO_INCREMENT;
--
-- AUTO_INCREMENT for table `users`
--
ALTER TABLE `users`
MODIFY `id` int(11) NOT NULL AUTO_INCREMENT,AUTO_INCREMENT=4;
--
-- AUTO_INCREMENT for table `widgets`
--
ALTER TABLE `widgets`
MODIFY `id` int(11) NOT NULL AUTO_INCREMENT;
/*!40101 SET CHARACTER_SET_CLIENT=@OLD_CHARACTER_SET_CLIENT */;
/*!40101 SET CHARACTER_SET_RESULTS=@OLD_CHARACTER_SET_RESULTS */;
/*!40101 SET COLLATION_CONNECTION=@OLD_COLLATION_CONNECTION */;
